{
    "Accuracy": 0.48250539956803457,
    "Correlation": 0.6972613714866811,
    "R2": 0.36514321814363804
}